
{
  "overwrite": true,
  "dashboard" :

{
    "__inputs": [],
    "__requires": [
      {
        "type": "grafana",
        "id": "grafana",
        "name": "Grafana",
        "version": "5.0.4"
      }
    ],
    "annotations": {
      "list": [
        {
          "builtIn": 1,
          "datasource": "-- Grafana --",
          "enable": true,
          "hide": true,
          "iconColor": "rgba(0, 211, 255, 1)",
          "name": "Annotations & Alerts",
          "type": "dashboard"
        }
      ]
    },
    "editable": true,
    "gnetId": null,
    "graphTooltip": 0,
    "id": null,
    "links": [],
    "panels": [
      {
        "collapsed": true,
        "gridPos": {
          "h": 1,
          "w": 24,
          "x": 0,
          "y": 0
        },
        "id": 20,
        "panels": [
          {
            "aliasColors": {},
            "bars": false,
            "dashLength": 10,
            "dashes": false,
            "datasource": "prometheus",
            "fill": 1,
            "gridPos": {
              "h": 9,
              "w": 11,
              "x": 0,
              "y": 1
            },
            "id": 22,
            "legend": {
              "avg": false,
              "current": false,
              "max": false,
              "min": false,
              "show": true,
              "total": false,
              "values": false
            },
            "lines": true,
            "linewidth": 1,
            "links": [],
            "nullPointMode": "null",
            "percentage": false,
            "pointradius": 5,
            "points": false,
            "renderer": "flot",
            "seriesOverrides": [],
            "spaceLength": 10,
            "stack": false,
            "steppedLine": false,
            "targets": [
              {
                "expr": "irate(dotnet_request_operations_total[2m])",
                "format": "time_series",
                "intervalFactor": 1,
                "refId": "A"
              }
            ],
            "thresholds": [],
            "timeFrom": null,
            "timeShift": null,
            "title": "Request per Second",
            "tooltip": {
              "shared": true,
              "sort": 0,
              "value_type": "individual"
            },
            "type": "graph",
            "xaxis": {
              "buckets": null,
              "mode": "time",
              "name": null,
              "show": true,
              "values": []
            },
            "yaxes": [
              {
                "format": "short",
                "label": null,
                "logBase": 1,
                "max": null,
                "min": null,
                "show": true
              },
              {
                "format": "short",
                "label": null,
                "logBase": 1,
                "max": null,
                "min": null,
                "show": true
              }
            ]
          },
          {
            "aliasColors": {},
            "bars": false,
            "dashLength": 10,
            "dashes": false,
            "datasource": "prometheus",
            "fill": 1,
            "gridPos": {
              "h": 9,
              "w": 11,
              "x": 11,
              "y": 1
            },
            "id": 24,
            "legend": {
              "avg": false,
              "current": false,
              "max": false,
              "min": false,
              "show": true,
              "total": false,
              "values": false
            },
            "lines": true,
            "linewidth": 1,
            "links": [],
            "nullPointMode": "null",
            "percentage": false,
            "pointradius": 5,
            "points": false,
            "renderer": "flot",
            "seriesOverrides": [],
            "spaceLength": 10,
            "stack": false,
            "steppedLine": false,
            "targets": [
              {
                "expr": "rate(dotnet_request_duration_seconds_sum[2m]) / rate(dotnet_request_duration_seconds_count[2m])",
                "format": "time_series",
                "intervalFactor": 1,
                "refId": "A"
              }
            ],
            "thresholds": [],
            "timeFrom": null,
            "timeShift": null,
            "title": "Request Duration",
            "tooltip": {
              "shared": true,
              "sort": 0,
              "value_type": "individual"
            },
            "type": "graph",
            "xaxis": {
              "buckets": null,
              "mode": "time",
              "name": null,
              "show": true,
              "values": []
            },
            "yaxes": [
              {
                "format": "short",
                "label": null,
                "logBase": 1,
                "max": null,
                "min": null,
                "show": true
              },
              {
                "format": "short",
                "label": null,
                "logBase": 1,
                "max": null,
                "min": null,
                "show": true
              }
            ]
          }
        ],
        "title": ".NET Core",
        "type": "row"
      },
      {
        "collapsed": true,
        "gridPos": {
          "h": 1,
          "w": 24,
          "x": 0,
          "y": 1
        },
        "id": 14,
        "panels": [
          {
            "aliasColors": {},
            "bars": false,
            "dashLength": 10,
            "dashes": false,
            "datasource": "prometheus",
            "fill": 1,
            "gridPos": {
              "h": 9,
              "w": 11,
              "x": 0,
              "y": 2
            },
            "id": 17,
            "legend": {
              "avg": false,
              "current": false,
              "max": false,
              "min": false,
              "show": true,
              "total": false,
              "values": false
            },
            "lines": true,
            "linewidth": 1,
            "links": [],
            "nullPointMode": "null",
            "percentage": false,
            "pointradius": 5,
            "points": false,
            "renderer": "flot",
            "seriesOverrides": [],
            "spaceLength": 10,
            "stack": false,
            "steppedLine": false,
            "targets": [
              {
                "expr": "irate(node_request_operations_total[2m])",
                "format": "time_series",
                "intervalFactor": 1,
                "refId": "A"
              }
            ],
            "thresholds": [],
            "timeFrom": null,
            "timeShift": null,
            "title": "Request per Second",
            "tooltip": {
              "shared": true,
              "sort": 0,
              "value_type": "individual"
            },
            "type": "graph",
            "xaxis": {
              "buckets": null,
              "mode": "time",
              "name": null,
              "show": true,
              "values": []
            },
            "yaxes": [
              {
                "format": "short",
                "label": null,
                "logBase": 1,
                "max": null,
                "min": null,
                "show": true
              },
              {
                "format": "short",
                "label": null,
                "logBase": 1,
                "max": null,
                "min": null,
                "show": true
              }
            ]
          },
          {
            "aliasColors": {},
            "bars": false,
            "dashLength": 10,
            "dashes": false,
            "datasource": "prometheus",
            "fill": 1,
            "gridPos": {
              "h": 9,
              "w": 11,
              "x": 11,
              "y": 2
            },
            "id": 18,
            "legend": {
              "avg": false,
              "current": false,
              "max": false,
              "min": false,
              "show": true,
              "total": false,
              "values": false
            },
            "lines": true,
            "linewidth": 1,
            "links": [],
            "nullPointMode": "null",
            "percentage": false,
            "pointradius": 5,
            "points": false,
            "renderer": "flot",
            "seriesOverrides": [],
            "spaceLength": 10,
            "stack": false,
            "steppedLine": false,
            "targets": [
              {
                "expr": "rate(node_request_duration_seconds_sum[2m]) / rate(node_request_duration_seconds_count[2m])",
                "format": "time_series",
                "intervalFactor": 1,
                "refId": "A"
              }
            ],
            "thresholds": [],
            "timeFrom": null,
            "timeShift": null,
            "title": "Request Duration",
            "tooltip": {
              "shared": true,
              "sort": 0,
              "value_type": "individual"
            },
            "type": "graph",
            "xaxis": {
              "buckets": null,
              "mode": "time",
              "name": null,
              "show": true,
              "values": []
            },
            "yaxes": [
              {
                "format": "short",
                "label": null,
                "logBase": 1,
                "max": null,
                "min": null,
                "show": true
              },
              {
                "format": "short",
                "label": null,
                "logBase": 1,
                "max": null,
                "min": null,
                "show": true
              }
            ]
          }
        ],
        "title": "NodeJS",
        "type": "row"
      },
      {
        "collapsed": true,
        "gridPos": {
          "h": 1,
          "w": 24,
          "x": 0,
          "y": 2
        },
        "id": 8,
        "panels": [
          {
            "aliasColors": {},
            "bars": false,
            "dashLength": 10,
            "dashes": false,
            "datasource": "prometheus",
            "fill": 1,
            "gridPos": {
              "h": 9,
              "w": 11,
              "x": 0,
              "y": 2
            },
            "id": 10,
            "legend": {
              "avg": false,
              "current": false,
              "max": false,
              "min": false,
              "show": true,
              "total": false,
              "values": false
            },
            "lines": true,
            "linewidth": 1,
            "links": [],
            "nullPointMode": "null",
            "percentage": false,
            "pointradius": 5,
            "points": false,
            "renderer": "flot",
            "seriesOverrides": [],
            "spaceLength": 10,
            "stack": false,
            "steppedLine": false,
            "targets": [
              {
                "expr": "irate(go_request_operations_total[2m])",
                "format": "time_series",
                "intervalFactor": 1,
                "refId": "A"
              }
            ],
            "thresholds": [],
            "timeFrom": null,
            "timeShift": null,
            "title": "Request per Second",
            "tooltip": {
              "shared": true,
              "sort": 0,
              "value_type": "individual"
            },
            "type": "graph",
            "xaxis": {
              "buckets": null,
              "mode": "time",
              "name": null,
              "show": true,
              "values": []
            },
            "yaxes": [
              {
                "format": "short",
                "label": null,
                "logBase": 1,
                "max": null,
                "min": null,
                "show": true
              },
              {
                "format": "short",
                "label": null,
                "logBase": 1,
                "max": null,
                "min": null,
                "show": true
              }
            ]
          },
          {
            "aliasColors": {},
            "bars": false,
            "dashLength": 10,
            "dashes": false,
            "datasource": "prometheus",
            "fill": 1,
            "gridPos": {
              "h": 9,
              "w": 11,
              "x": 11,
              "y": 2
            },
            "id": 12,
            "legend": {
              "avg": false,
              "current": false,
              "max": false,
              "min": false,
              "show": true,
              "total": false,
              "values": false
            },
            "lines": true,
            "linewidth": 1,
            "links": [],
            "nullPointMode": "null",
            "percentage": false,
            "pointradius": 5,
            "points": false,
            "renderer": "flot",
            "seriesOverrides": [],
            "spaceLength": 10,
            "stack": false,
            "steppedLine": false,
            "targets": [
              {
                "expr": "rate(go_request_duration_seconds_sum[2m]) / rate(go_request_duration_seconds_count[2m])",
                "format": "time_series",
                "intervalFactor": 1,
                "refId": "A"
              }
            ],
            "thresholds": [],
            "timeFrom": null,
            "timeShift": null,
            "title": "Request Duration",
            "tooltip": {
              "shared": true,
              "sort": 0,
              "value_type": "individual"
            },
            "type": "graph",
            "xaxis": {
              "buckets": null,
              "mode": "time",
              "name": null,
              "show": true,
              "values": []
            },
            "yaxes": [
              {
                "format": "short",
                "label": null,
                "logBase": 1,
                "max": null,
                "min": null,
                "show": true
              },
              {
                "format": "short",
                "label": null,
                "logBase": 1,
                "max": null,
                "min": null,
                "show": true
              }
            ]
          }
        ],
        "title": "Golang",
        "type": "row"
      },
      {
        "collapsed": true,
        "gridPos": {
          "h": 1,
          "w": 24,
          "x": 0,
          "y": 3
        },
        "id": 6,
        "panels": [
          {
            "aliasColors": {},
            "bars": false,
            "dashLength": 10,
            "dashes": false,
            "datasource": "prometheus",
            "fill": 1,
            "gridPos": {
              "h": 8,
              "w": 11,
              "x": 0,
              "y": 3
            },
            "id": 4,
            "legend": {
              "avg": false,
              "current": false,
              "max": false,
              "min": false,
              "show": true,
              "total": false,
              "values": false
            },
            "lines": true,
            "linewidth": 1,
            "links": [],
            "nullPointMode": "null",
            "percentage": false,
            "pointradius": 5,
            "points": false,
            "renderer": "flot",
            "seriesOverrides": [],
            "spaceLength": 10,
            "stack": false,
            "steppedLine": false,
            "targets": [
              {
                "expr": "rate(python_request_duration_seconds_sum[2m]) / rate(python_request_duration_seconds_count[2m])",
                "format": "time_series",
                "intervalFactor": 1,
                "refId": "A"
              }
            ],
            "thresholds": [],
            "timeFrom": null,
            "timeShift": null,
            "title": "Request Duration",
            "tooltip": {
              "shared": true,
              "sort": 0,
              "value_type": "individual"
            },
            "type": "graph",
            "xaxis": {
              "buckets": null,
              "mode": "time",
              "name": null,
              "show": true,
              "values": []
            },
            "yaxes": [
              {
                "format": "short",
                "label": null,
                "logBase": 1,
                "max": null,
                "min": null,
                "show": true
              },
              {
                "format": "short",
                "label": null,
                "logBase": 1,
                "max": null,
                "min": null,
                "show": true
              }
            ]
          },
          {
            "aliasColors": {},
            "bars": false,
            "dashLength": 10,
            "dashes": false,
            "datasource": "prometheus",
            "fill": 1,
            "gridPos": {
              "h": 8,
              "w": 11,
              "x": 11,
              "y": 3
            },
            "id": 2,
            "legend": {
              "avg": false,
              "current": false,
              "max": false,
              "min": false,
              "show": true,
              "total": false,
              "values": false
            },
            "lines": true,
            "linewidth": 1,
            "links": [],
            "nullPointMode": "null",
            "percentage": false,
            "pointradius": 5,
            "points": false,
            "renderer": "flot",
            "seriesOverrides": [],
            "spaceLength": 10,
            "stack": false,
            "steppedLine": false,
            "targets": [
              {
                "expr": "irate(python_request_operations_total[2m])",
                "format": "time_series",
                "intervalFactor": 1,
                "refId": "A"
              }
            ],
            "thresholds": [],
            "timeFrom": null,
            "timeShift": null,
            "title": "Request per Second (Python)",
            "tooltip": {
              "shared": true,
              "sort": 0,
              "value_type": "individual"
            },
            "type": "graph",
            "xaxis": {
              "buckets": null,
              "mode": "time",
              "name": null,
              "show": true,
              "values": []
            },
            "yaxes": [
              {
                "format": "short",
                "label": null,
                "logBase": 1,
                "max": null,
                "min": null,
                "show": true
              },
              {
                "format": "short",
                "label": null,
                "logBase": 1,
                "max": null,
                "min": null,
                "show": true
              }
            ]
          }
        ],
        "title": "Python",
        "type": "row"
      }
    ],
    "schemaVersion": 16,
    "style": "dark",
    "tags": [],
    "templating": {
      "list": []
    },
    "time": {
      "from": "now-5m",
      "to": "now"
    },
    "timepicker": {
      "refresh_intervals": [
        "5s",
        "10s",
        "30s",
        "1m",
        "5m",
        "15m",
        "30m",
        "1h",
        "2h",
        "1d"
      ],
      "time_options": [
        "5m",
        "15m",
        "1h",
        "6h",
        "12h",
        "24h",
        "2d",
        "7d",
        "30d"
      ]
    },
    "timezone": "",
    "title": "Application Telemetry (Prometheus)",
    "uid": "pvXvovKWz",
    "version": 2
  }}