{
  "kind": "AdmissionReview",
  "apiVersion": "admission.k8s.io/v1beta1",
  "request": {
    "uid": "dffc1f0f-0c0b-4d15-892f-71524ecfd06c",
    "kind": {
      "group": "",
      "version": "v1",
      "kind": "Pod"
    },
    "resource": {
      "group": "",
      "version": "v1",
      "resource": "pods"
    },
    "requestKind": {
      "group": "",
      "version": "v1",
      "kind": "Pod"
    },
    "requestResource": {
      "group": "",
      "version": "v1",
      "resource": "pods"
    },
    "name": "demo-pod",
    "namespace": "default",
    "operation": "CREATE",
    "userInfo": {
      "username": "kubernetes-admin",
      "groups": [
        "system:masters",
        "system:authenticated"
      ]
    },
    "object": {
      "kind": "Pod",
      "apiVersion": "v1",
      "metadata": {
        "name": "demo-pod",
        "namespace": "default",
        "creationTimestamp": null,
        "labels": {
          "example-webhook-enabled": "true"
        },
        "annotations": {
          "kubectl.kubernetes.io/last-applied-configuration": "{\"apiVersion\":\"v1\",\"kind\":\"Pod\",\"metadata\":{\"annotations\":{},\"labels\":{\"example-webhook-enabled\":\"true\"},\"name\":\"demo-pod\",\"namespace\":\"default\"},\"spec\":{\"containers\":[{\"image\":\"nginx\",\"name\":\"nginx\"}]}}\n"
        },
        "managedFields": [
          {
            "manager": "kubectl.exe",
            "operation": "Update",
            "apiVersion": "v1",
            "time": "2021-04-14T07:47:56Z",
            "fieldsType": "FieldsV1",
            "fieldsV1": {
              "f:metadata": {
                "f:annotations": {
                  ".": {},
                  "f:kubectl.kubernetes.io/last-applied-configuration": {}
                },
                "f:labels": {
                  ".": {},
                  "f:example-webhook-enabled": {}
                }
              },
              "f:spec": {
                "f:containers": {
                  "k:{\"name\":\"nginx\"}": {
                    ".": {},
                    "f:image": {},
                    "f:imagePullPolicy": {},
                    "f:name": {},
                    "f:resources": {},
                    "f:terminationMessagePath": {},
                    "f:terminationMessagePolicy": {}
                  }
                },
                "f:dnsPolicy": {},
                "f:enableServiceLinks": {},
                "f:restartPolicy": {},
                "f:schedulerName": {},
                "f:securityContext": {},
                "f:terminationGracePeriodSeconds": {}
              }
            }
          }
        ]
      },
      "spec": {
        "volumes": [
          {
            "name": "default-token-4fzpv",
            "secret": {
              "secretName": "default-token-4fzpv"
            }
          }
        ],
        "containers": [
          {
            "name": "nginx",
            "image": "nginx",
            "resources": {},
            "volumeMounts": [
              {
                "name": "default-token-4fzpv",
                "readOnly": true,
                "mountPath": "/var/run/secrets/kubernetes.io/serviceaccount"
              }
            ],
            "terminationMessagePath": "/dev/termination-log",
            "terminationMessagePolicy": "File",
            "imagePullPolicy": "Always"
          }
        ],
        "restartPolicy": "Always",
        "terminationGracePeriodSeconds": 30,
        "dnsPolicy": "ClusterFirst",
        "serviceAccountName": "default",
        "serviceAccount": "default",
        "securityContext": {},
        "schedulerName": "default-scheduler",
        "tolerations": [
          {
            "key": "node.kubernetes.io/not-ready",
            "operator": "Exists",
            "effect": "NoExecute",
            "tolerationSeconds": 300
          },
          {
            "key": "node.kubernetes.io/unreachable",
            "operator": "Exists",
            "effect": "NoExecute",
            "tolerationSeconds": 300
          }
        ],
        "priority": 0,
        "enableServiceLinks": true,
        "preemptionPolicy": "PreemptLowerPriority"
      },
      "status": {}
    },
    "oldObject": null,
    "dryRun": false,
    "options": {
      "kind": "CreateOptions",
      "apiVersion": "meta.k8s.io/v1"
    }
  }
}