[
  {
    "id": "QThadS3Soig",
    "title": "Kubernetes on Amazon",
    "description": "\n Remember to Like \u0026 Subscribe!",
    "imageurl": "https://i.ytimg.com/vi/QThadS3Soig/sddefault.jpg",
    "url": "https://youtu.be/QThadS3Soig"
  },
  {
    "id": "eyvLwK5C2dw",
    "title": "Kubernetes on Azure",
    "description": "\n Remember to Like \u0026 Subscribe!",
    "imageurl": "https://i.ytimg.com/vi/eyvLwK5C2dw/mqdefault.jpg?sqp=CISC_PoF\u0026rs=AOn4CLDo7kizrJozB0pxBhxL9JbyiW_EPw",
    "url": "https://youtu.be/eyvLwK5C2dw"
  }
]